1|1|Resources/Images/a2.jpg
2|2|Resources/Images/a1.jpg
3|1|Resources/Images/a1.jpg
4|1|Resources/Images/a2.jpg
5|3|Resources/Images/a1.jpg
6|3|Resources/Images/accommodation.jpg
7|4|Resources/Images/tools.png
8|4|Resources/Images/a2.jpg
9|5|Resources/Images/minus.png
10|5|Resources/Images/account.png
11|1|Resources/Images/a2.jpg
12|1|Resources/Images/a2.jpg
13|2|Resources/Images/bell.png
14|3|Resources/Images/add.png
15|4|Resources/Images/burger_menu.png
16|5|Resources/Images/calendarIcon.png
17|1|Resources/Images/a2.jpg
18|2|Resources/Images/clock.png
19|3|Resources/Images/orange.jpg
20|4|Resources/Images/accommodation.png
21|8|Resources/Images/house.jpg
22|8|Resources/Images/profile.jpg
23|9|Resources/Images/sky.jpg
24|10|Resources/Images/date.png
25|10|Resources/Images/house.jpg
26|11|Resources/Images/sky.jpg
27|11|Resources/Images/accommodation.jpg
