1|Srbijom|20|40|2|dkjak|serbian
2|Hercegovinom|30|40|6|kasjsad|serbian
3|Turskom|20|60|1|kdssdj|turkish
4|a|3|3|7|s|ss
5|s|45|45|10|aa|aaaaa
6|ss|4|4|1|dd|dddd
7|t|45|45|1|a|aa
8|a|4|4|5|dd|spanish
9|dd|5|5|1|hh|serbian
10|yy|56|45|2|hh|english
11|uu|45|45|1|ttt|spanish
12|Tour name|34|34|16|Gastronomic tour|english
13|Tour Second|44|4.5|6|hhhhh|arabic
14|y|6|6|1|rr|russian
15|f|56|56|2|ggg|english
16|T|6|6|1|sss|arabic
17|lsakl|20|40|6|ewkw|serbian
18|kdjaks|30|60|7|kjkewjr|english
19|Monday|12|5|9|Gastronomic tour|serbian
20|t|45|45|6|sss|russian
21|A|13|5|7|cool|english
22|ss|34|34|5|family|italian
23|r|4|4|7|ddd|english
24|a|3|3|1|aaa|english
25|s|5|5|12|ddd|serbian
26|t|45|45|1|ssss|arabic
27|Antic tour|40|3|16|Historical tour|english
28|Helenic tour|10|10|13|Fashion and gastronomic|italian
