1|Resources/Images/a2.jpg|1
2|Resources/Images/a2.jpg|2
3|Resources/Images/clock.png|3
4|Resources/Images/a1.jpg|4
5|Resources/Images/a1.jpg|5
6|Resources/Images/profile.jpg|6
7|Resources/Images/a1.jpg|7
8|Resources/Images/a2.jpg|7
9|Resources/Images/a1.jpg|8
10|Resources/Images/a2.jpg|8
11|Resources/Images/a1.jpg|8
12|Resources/Images/a2.jpg|8
13|Resources/Images/a1.jpg|8
14|Resources/Images/a1.jpg|9
15|Resources/Images/accommodation.jpg|10
16|Resources/Images/add.png|11
17|Resources/Images/blond.jpg|11
18|Resources/Images/accommodation.jpg|12
19|Resources/Images/corect.png|12
20|Resources/Images/house.jpg|12
21|Resources/Images/a2.jpg|13
22|Resources/Images/a1.jpg|13
23|Resources/Images/house.jpg|14
24|Resources/Images/a1.jpg|14
25|Resources/Images/a1.jpg|15
26|Resources/Images/a2.jpg|15
28|Resources/Images/a2.jpg|16
29|Resources/Images/account.png|17
30|Resources/Images/tools.png|18
31|Resources/Images/a1.jpg|19
32|Resources/Images/a2.jpg|19
33|Resources/Images/a1.jpg|20
34|Resources/Images/add.png|20
35|Resources/Images/house.jpg|21
36|Resources/Images/profile.jpg|21
37|Resources/Images/add.png|22
38|Resources/Images/add.png|23
39|Resources/Images/a1.jpg|24
40|Resources/Images/accommodation.jpg|25
41|Resources/Images/a1.jpg|26
42|Resources/Images/accommodation.jpg|26
43|Resources/Images/accommodation.png|27
44|Resources/Images/blond.jpg|27
45|Resources/Images/a2.jpg|28
